,,Website,Email
Integration Kings,https://cin7.partnerpage.io/find-experts/integration-kings,,
BlueHub,https://cin7.partnerpage.io/find-experts/bluehub,,
Hawk Cloud Consulting,https://cin7.partnerpage.io/find-experts/hawk-cloud-consulting,,
Spark Consulting,https://cin7.partnerpage.io/find-experts/spark-consulting,,
Fiskal Finance,https://cin7.partnerpage.io/find-experts/fiskal-finance,https://fiskalfinance.com/book-a-call,
Iridium Business Solutions,https://cin7.partnerpage.io/find-experts/iridium-business-solutions,https://calendar.app.google/xwW3ZFJ2QgJQT5CS6,jaryd@iridium.co.za
Techweave,https://cin7.partnerpage.io/find-experts/techweave,,
Cloud Integr8,https://cin7.partnerpage.io/find-experts/cloud-integr8,,
BELAY fka Accountfully,https://cin7.partnerpage.io/find-experts/belay-fka-accountfully,https://www.accountfully.com/blog/case-study-wildway-accountfully-cin7,
Beyond Expectations Limited,https://cin7.partnerpage.io/find-experts/beyond-expectations-limited,,
WorkSmart,https://cin7.partnerpage.io/find-experts/worksmart,,
Waypoint,https://cin7.partnerpage.io/find-experts/waypoint,,
CNZ Consultants,https://cin7.partnerpage.io/find-experts/cnz-consultants,,
9 Yards,https://cin7.partnerpage.io/find-experts/9-yards,,
SMB Consultants,https://cin7.partnerpage.io/find-experts/smb-consultants,https://www.smbconsultants.com.au/blogs/case-studies/how-smb-consultants-revitalized-skyphonezs-inventory-management?utm_source=Cin7&utm_medium=directory&utm_campaign=partnerpage,
INNO China,https://cin7.partnerpage.io/find-experts/inno-china,,
IT Enterprise Business Solutions Ltd,https://cin7.partnerpage.io/find-experts/it-enterprise-business-solutions-ltd,,
Software4Business,https://cin7.partnerpage.io/find-experts/software4business,,
BDO Digital,https://cin7.partnerpage.io/find-experts/bdo-digital,,
The Rype Group,https://cin7.partnerpage.io/find-experts/the-rype-group,,
Kounteq,https://cin7.partnerpage.io/find-experts/kounteq,,
Streamline Business Solutions,https://cin7.partnerpage.io/find-experts/streamline-business-solutions,,
VNC Global,https://cin7.partnerpage.io/find-experts/vnc-global,,
Genius Systems LLC,https://cin7.partnerpage.io/find-experts/genius-systems-llc,,
Sitech Industries,https://cin7.partnerpage.io/find-experts/sitech-industries,,
Scrubbed,https://cin7.partnerpage.io/find-experts/scrubbed,,
Powerhouse Solutions,https://cin7.partnerpage.io/find-experts/powerhouse-solutions,,
Symphony Development Group,https://cin7.partnerpage.io/find-experts/symphony-development-group,,
Nimacc Global,https://cin7.partnerpage.io/find-experts/nimacc-global,https://nimacc.global/,
Olari Consulting,https://cin7.partnerpage.io/find-experts/olari-consulting,https://www.olariconsulting.com/post/inventory-management-systems-for-startup-cpg-brands-a-guide,
S&W Griffin Enterprises,https://cin7.partnerpage.io/find-experts/s&w-griffin-enterprises,,
Peak Flow Solutions,https://cin7.partnerpage.io/find-experts/peak-flow-solutions,,
Unity Consulting Firm,https://cin7.partnerpage.io/find-experts/unity-consulting-firm,,
Cloud Imperial,https://cin7.partnerpage.io/find-experts/cloud-imperial,,
RevOps Solutions,https://cin7.partnerpage.io/find-experts/revops-solutions,,
Equation Limited,https://cin7.partnerpage.io/find-experts/equation-limited,,
Cloudworx Accounting Solutions,https://cin7.partnerpage.io/find-experts/cloudworx-accounting-solutions,,
Siello,https://cin7.partnerpage.io/find-experts/siello,,
Nexvista Consulting,https://cin7.partnerpage.io/find-experts/nexvista-consulting,,
Business Lighthouse,https://cin7.partnerpage.io/find-experts/business-lighthouse,,
Lobster Limited,https://cin7.partnerpage.io/find-experts/lobster-limited,https://xero.lobster.com.hk/xero-features/xero-dear-inventory/,info@losbter.com.hk
Cloud Ease Consulting,https://cin7.partnerpage.io/find-experts/cloud-ease-consulting,,
Coconut Consulting,https://cin7.partnerpage.io/find-experts/coconut-consulting,,
Anderson CFO,https://cin7.partnerpage.io/find-experts/anderson-cfo,,
Business Continuum,https://cin7.partnerpage.io/find-experts/business-continuum,https://businesscontinuum.com.au/bangn-body-dear-inventory/,
Pure Commerce,https://cin7.partnerpage.io/find-experts/pure-commerce,,
Ai Accounting Services,https://cin7.partnerpage.io/find-experts/ai-accounting-services,,
Fresh Accounting,https://cin7.partnerpage.io/find-experts/fresh-accounting,,
Livesync Accounting,https://cin7.partnerpage.io/find-experts/livesync-accounting,,
Advisor Inventory,https://cin7.partnerpage.io/find-experts/advisor-inventory,,
LN Accounting Advisor LLC,https://cin7.partnerpage.io/find-experts/ln-accounting-advisor-llc,,
Analytix Business Solutions,https://cin7.partnerpage.io/find-experts/analytix-business-solutions,,
Get In The Cloud Business Solutions,https://cin7.partnerpage.io/find-experts/get-in-the-cloud-business-solutions,,
Izba Consulting,https://cin7.partnerpage.io/find-experts/izba-consulting,,
GrowthPath Pty Ltd,https://cin7.partnerpage.io/find-experts/growthpath-pty-ltd,,
ASC Consultants Inc,https://cin7.partnerpage.io/find-experts/asc-consultants-inc,,
Cornerstone Management Group (HK) Limited,https://cin7.partnerpage.io/find-experts/cornerstone-management-group-hk-limited,,
Cloudscape,https://cin7.partnerpage.io/find-experts/cloudscape,,
Creative CFO,https://cin7.partnerpage.io/find-experts/creative-cfo,,
LSK Consultants,https://cin7.partnerpage.io/find-experts/lsk-consultants,,
ConnectCPA,https://cin7.partnerpage.io/find-experts/connectcpa,,
Back of House Ltd,https://cin7.partnerpage.io/find-experts/back-of-house-ltd,,
"Blue and Co., LLC",https://cin7.partnerpage.io/find-experts/blue-and-co-llc,https://www.blueandco.com/overhead-and-standard-costs/,
Thundercloud,https://cin7.partnerpage.io/find-experts/thundercloud,,
High Rock Accounting,https://cin7.partnerpage.io/find-experts/high-rock-accounting,,
The Clever Dudes,https://cin7.partnerpage.io/find-experts/the-clever-dudes,,
SPRCHRGR,https://cin7.partnerpage.io/find-experts/sprchrgr,https://sprchrgr.com/cin7core,
361 Degree Consultancy Pte Ltd,https://cin7.partnerpage.io/find-experts/361-degree-consultancy-pte-ltd,,
IronClad Consulting Services,https://cin7.partnerpage.io/find-experts/ironclad-consulting-services,,
Maverick Chartered Accountants,https://cin7.partnerpage.io/find-experts/maverick-chartered-accountants,,
Propeller Industries,https://cin7.partnerpage.io/find-experts/propeller-industries,,
Bluprint Partners,https://cin7.partnerpage.io/find-experts/bluprint-partners,,
BlueRock Digital,https://cin7.partnerpage.io/find-experts/bluerock-digital,,
VARC Solutions,https://cin7.partnerpage.io/find-experts/varc-solutions,,
Complete Information Solutions Pty Ltd,https://cin7.partnerpage.io/find-experts/complete-information-solutions-pty-ltd,,
Exact Business Consulting,https://cin7.partnerpage.io/find-experts/exact-business-consulting,,
Accelerated Growth,https://cin7.partnerpage.io/find-experts/accelerated-growth,,
Proven,https://cin7.partnerpage.io/find-experts/proven,,
N2N Digital,https://cin7.partnerpage.io/find-experts/n2n-digital,,
Finovate Advisory (Pty) Ltd,https://cin7.partnerpage.io/find-experts/finovate-advisory-pty-ltd,,
Scope Solutions,https://cin7.partnerpage.io/find-experts/scope-solutions,,
Certum Solutions,https://cin7.partnerpage.io/find-experts/certum-solutions,https://www.certumsolutions.com/inventory-management,
Conduit Business Solutions,https://cin7.partnerpage.io/find-experts/conduit-business-solutions,,
Xplor,https://cin7.partnerpage.io/find-experts/xplor,,
VENDO,https://cin7.partnerpage.io/find-experts/vendo,,
Velocity Inventory Solutions,https://cin7.partnerpage.io/find-experts/velocity-inventory-solutions,,
Profit Mojo,https://cin7.partnerpage.io/find-experts/profit-mojo,,Enquiries@profitmojo.net
"Account Ability Consulting, Inc.",https://cin7.partnerpage.io/find-experts/account-ability-consulting-inc,,
Segwayz,https://cin7.partnerpage.io/find-experts/segwayz,,
Mendelson Consulting,https://cin7.partnerpage.io/find-experts/mendelson-consulting,,
SymConverge,https://cin7.partnerpage.io/find-experts/symconverge,,
Nebiatek,https://cin7.partnerpage.io/find-experts/nebiatek,,
Kickfurther,https://cin7.partnerpage.io/find-experts/kickfurther,https://kickfurther.com?utm_medium=referrals&utm_source=Cin7&utm_campaign=Partnersâ€¦,partnerships@kickfurther.com
"Business Solution Providers, Inc.",https://cin7.partnerpage.io/find-experts/business-solution-providers-inc,,
LedgerGurus,https://cin7.partnerpage.io/find-experts/ledgergurus,,
Entreflow Consulting Group,https://cin7.partnerpage.io/find-experts/entreflow-consulting-group,,
Dsysinfo,https://cin7.partnerpage.io/find-experts/dsysinfo,,edi@dsysinfo.com
Aprio,https://cin7.partnerpage.io/find-experts/aprio,,
Bravo CPG,https://cin7.partnerpage.io/find-experts/bravo-cpg,,
Excel & Access Solutions,https://cin7.partnerpage.io/find-experts/excel-&-access-solutions,,
vOfiz Inc,https://cin7.partnerpage.io/find-experts/vofiz-inc,,
Crafty Crow,https://cin7.partnerpage.io/find-experts/crafty-crow,https://craftycrow.io/blog/how-ghia-transformed-their-operations-without-an-erp-overhaul,
Opset CPG,https://cin7.partnerpage.io/find-experts/opset-cpg,,
Michael P. Ralph Consulting,https://cin7.partnerpage.io/find-experts/michael-p-ralph-consulting,,
Four13 Digital,https://cin7.partnerpage.io/find-experts/four13-digital,,
Pale Blue Dot,https://cin7.partnerpage.io/find-experts/pale-blue-dot,,
nDepth,https://cin7.partnerpage.io/find-experts/ndepth,,
